[Error],26/2/2024 10:27:40
[Error],26/2/2024 10:12:40
[Error],26/2/2024 10:17:40
[Error],26/2/2024 10:19:41
[Error],26/2/2024 10:30:41
[Error],26/2/2024 10:32:41
[Error],26/2/2024 10:40:42
[Error],26/2/2024 10:45:40
[Error],26/2/2024 10:50:01
[Error],26/2/2024 10:50:02
[Error],26/2/2024 10:50:03
[Error],26/2/2024 10:50:04
[Error],26/2/2024 10:53:03
[Error],26/2/2024 10:53:04
[Error],26/2/2024 10:53:05
[Error],26/2/2024 10:53:06
[Error],26/2/2024 10:54:07
[Error],26/2/2024 10:54:08
[Error],26/2/2024 10:54:09
[Error],26/2/2024 10:54:10
[Error],26/2/2024 10:54:11
[Error],26/2/2024 10:54:12
[Error],26/2/2024 10:54:13
[Error],26/2/2024 10:54:14
[Error],26/2/2024 10:54:15
[Error],26/2/2024 10:54:16
[Error],26/2/2024 10:54:17
[Error],26/2/2024 10:54:18
[Error],26/2/2024 10:54:19
[Error],26/2/2024 10:54:20
[Error],26/2/2024 10:54:21
[Error],26/2/2024 10:54:22
[Error],26/2/2024 10:54:23
[Error],26/2/2024 10:54:24
[Error],26/2/2024 10:54:25
[Error],26/2/2024 10:54:26
[Error],26/2/2024 10:54:27
[Error],26/2/2024 10:54:28
[Error],26/2/2024 10:54:29
[Error],26/2/2024 10:54:30
[Error],26/2/2024 10:54:31
[Error],26/2/2024 10:54:32
[Error],26/2/2024 10:54:33
[Error],26/2/2024 10:54:34
[Error],26/2/2024 10:54:35
[Error],26/2/2024 10:54:36
[Error],26/2/2024 10:54:37
[Error],26/2/2024 10:54:38
[Error],26/2/2024 10:54:39
[Error],26/2/2024 10:54:40
[Error],26/2/2024 10:54:41
[Error],26/2/2024 10:54:42
[Error],26/2/2024 10:54:43
[Error],26/2/2024 10:54:44
[Error],26/2/2024 10:54:45
[Error],26/2/2024 10:54:46
[Error],26/2/2024 10:54:47
[Error],26/2/2024 10:54:48
[Error],26/2/2024 10:54:49
[Error],26/2/2024 10:54:50
[Error],26/2/2024 10:54:51
[Error],26/2/2024 10:54:52
[Error],26/2/2024 10:54:53
[Error],26/2/2024 10:54:54
[Error],26/2/2024 10:54:55
[Error],26/2/2024 10:54:56
[Error],26/2/2024 10:54:57
[Error],26/2/2024 10:54:58
[Error],26/2/2024 10:54:59
[Error],26/2/2024 10:55:00
[Error],26/2/2024 10:55:01
[Error],26/2/2024 10:55:02
[Error],26/2/2024 10:55:03
[Error],26/2/2024 10:55:04
[Error],26/2/2024 10:55:05
[Error],26/2/2024 10:55:06
[Error],26/2/2024 10:55:07
[Error],26/2/2024 10:55:08
[Error],26/2/2024 10:55:09
[Error],26/2/2024 10:55:10
[Error],26/2/2024 10:55:11
[Error],26/2/2024 10:55:12
[Error],26/2/2024 10:55:13
[Error],26/2/2024 10:55:14
[Error],26/2/2024 10:55:15
[Error],26/2/2024 10:55:16
[Error],26/2/2024 10:55:17
[Error],26/2/2024 10:55:18
[Error],26/2/2024 10:55:19
[Error],26/2/2024 10:55:20
[Error],26/2/2024 10:55:21
[Error],26/2/2024 10:55:22
[Error],26/2/2024 10:55:23
[Error],26/2/2024 10:55:24
[Error],26/2/2024 10:55:25
[Error],26/2/2024 10:55:26
[Error],26/2/2024 10:55:27
[Error],26/2/2024 10:55:28
[Error],26/2/2024 10:55:29
[Error],26/2/2024 10:55:30
[Error],26/2/2024 10:55:31
[Error],26/2/2024 10:55:32
[Error],26/2/2024 10:55:33
[Error],26/2/2024 10:55:34
[Error],26/2/2024 10:55:35
[Error],26/2/2024 10:55:36
[Error],26/2/2024 10:55:37
[Error],26/2/2024 10:55:38
[Error],26/2/2024 10:55:39
[Error],26/2/2024 10:55:40
[Error],26/2/2024 10:55:41
[Error],26/2/2024 10:55:42
[Error],26/2/2024 10:55:43
[Error],26/2/2024 10:55:44
[Error],26/2/2024 10:55:45
[Error],26/2/2024 10:55:46
[Error],26/2/2024 10:55:47
[Error],26/2/2024 10:55:48
[Error],26/2/2024 10:55:49
[Error],26/2/2024 10:55:50
[Error],26/2/2024 10:55:51
[Error],26/2/2024 10:55:52
[Error],26/2/2024 10:55:53
[Error],26/2/2024 10:55:54
[Error],26/2/2024 10:55:55
[Error],26/2/2024 10:55:56
[Error],26/2/2024 10:55:57
[Error],26/2/2024 10:55:58
[Error],26/2/2024 10:55:59
[Error],26/2/2024 10:59:00
[Error],26/2/2024 10:59:01
[Error],26/2/2024 10:59:02
[Error],26/2/2024 10:59:03
[Error],26/2/2024 10:59:04
[Error],26/2/2024 10:59:05
[Error],26/2/2024 10:59:06
[Error],26/2/2024 10:59:07
[Error],26/2/2024 10:59:08
[Error],26/2/2024 10:59:09
[Error],26/2/2024 10:59:10
[Error],26/2/2024 10:59:11
[Error],26/2/2024 10:59:12
[Error],26/2/2024 10:59:13
[Error],26/2/2024 10:59:14
